"","Y","X1","X2","X3"
"1",14.5788480777336,5.45669370882406,NA,0.537091152255839
"2",10.8998018936289,NA,3.9937467932718,0.0697289693500263
"3",-2.74061971268442,7.03129918195049,-1.94396317062512,0.45752916203574
"4",16.736546418078,0.425708797011921,NA,0.0256428702268749
"5",6.2014366613679,NA,-0.239195457899676,0.72767332657696
"6",-4.21621209525556,10.3722116936951,-1.39679131335269,0.125288448063657
"7",34.0072519448542,3.19739740668918,8.44101866496514,NA
"8",12.4445089196982,1.46903664111241,-2.84593085547784,0.400153625180806
"9",25.615421390698,0.933316066649397,NA,1.17134689626502
"10",-15.7467772066358,4.40808233699359,-2.77730412940601,0.0250323806343704
"11",37.1306108174977,5.19134085585348,5.53013882932852,0.623100396224713
"12",20.1090710509424,NA,7.82903580536688,NA
"13",12.354369366465,8.24612992118478,NA,0.0235270939594523
"14",-8.21807558489361,NA,-2.38041313615404,0.391640849817616
"15",23.0052279413733,3.90178439781905,NA,0.0928389963228256
"16",3.27569854599403,6.90269220998875,-2.66122547953002,0.822291715959919
"17",8.08048034633293,2.14137490884522,-3.22814925676926,0.0599945778958499
"18",-7.12755639009818,9.77120421393222,NA,NA
"19",-3.88495619033262,1.00941949522047,-5.3251820120975,0.0782453086788318
"20",35.0263216358546,7.26200946978378,NA,0.428692172360002
"21",9.94880600466947,2.56880727149963,NA,0.0114845964876318
"22",6.29090649874457,4.11303986314696,-0.358159737604998,0.0760900090465893
"23",-5.27575216937351,7.8185278396577,-1.570513741875,0.138246141813684
"24",0.114556003557199,NA,-2.81030116444342,0.0966459066064351
"25",-3.3279598339113,4.29250421313546,-0.100707580335778,0.853910932275367
"26",24.2130551221314,NA,3.23625967340744,0.134900104299634
"27",33.4140024612311,3.24889223835021,7.46520770970107,0.0445164996376361
"28",2.27892528379,1.92371154649537,NA,0.6048212605398
"29",36.3401765995435,0.890441787285176,9.93645911335533,0.536397597265846
"30",4.49006499643305,4.17070950598648,-0.152953946411271,0.371086398598243
"31",-0.0474033068370172,5.01851489020136,-3.26814643863944,0.259084228193387
"32",2.23485815020449,1.78262572746193,-0.142475807071197,0.0879873046651483
"33",-4.57530131861172,10.9416735587846,0.737887869003436,0.536800842442712
"34",5.84464196237165,2.37758800549657,NA,0.558381438234306
"35",-30.9974764472036,3.34988064809997,-9.2536012860899,0.552383456358171
"36",21.491356331341,NA,NA,0.284734239103273
"37",20.3129205775533,6.59579232202741,NA,2.06572682679373
"38",12.8021073116185,NA,2.54788448934076,0.0184749157633632
"39",7.57575072689316,1.13020021607548,1.46982166595099,0.347789609828524
"40",-21.7799711039469,2.86913325133744,NA,0.728269650558841
"41",11.9299313656454,1.00072617735493,NA,NA
"42",3.04909451709186,5.31100016474878,2.39894212025204,0.0740993962251349
"43",12.6010741565433,NA,1.54554384977331,0.0479888112749904
"44",41.5010947543151,6.84193762920184,8.51013064665585,0.245982038788497
"45",9.20904192237712,5.52401431950007,NA,0.228874551365152
"46",-0.626137575585542,8.55834920689299,NA,0.110554694640192
"47",17.0745754056895,6.06387330722683,NA,1.07963123073088
"48",5.91122340110653,4.72599260239725,2.46123638371592,0.289020654279739
"49",3.07393143807747,3.5608157560536,NA,0.283615795429796
"50",34.1746595013601,4.73054321122725,4.039143024993,1.87362598151642
"51",3.26098731215458,8.18113937670756,1.52911807785597,0.80407741568507
"52",15.8283624991878,11.5231232431174,1.49633554038925,NA
"53",9.57742953563016,7.42853749705719,-0.301880454934219,0.129220453078188
"54",18.756078956243,6.75527723966539,5.14957377221253,NA
"55",1.30031196753978,6.70981503688748,-2.77676332576908,NA
"56",-7.54184082271457,6.55722919204962,1.80427139434327,NA
"57",-17.2440993769098,3.00428341251095,NA,0.878769361797809
"58",9.60115578728351,5.44293252987548,2.78941647833667,0.482306307626373
"59",-19.9499773569749,3.65562411673366,-6.9497039899321,NA
"60",-5.09632359328776,NA,-4.64913311893876,0.155554080672958
"61",4.45025245347871,4.33388665984174,NA,0.383251323901145
"62",-4.06138647413368,4.42291809099816,-4.85146845330909,NA
"63",-2.7065444235175,7.88504367815949,-1.71482966380852,NA
"64",6.94996582601277,4.69600772350988,NA,NA
"65",1.41303228109033,1.72273722111565,-1.15625849139306,NA
"66",15.9361143018674,0.474319945262965,-0.619607566812723,0.971314681651902
"67",-8.70835434927895,NA,-0.554402127599545,0.337157508824021
"68",30.7355079114414,5.27356610584811,7.3506802517057,NA
"69",-6.85384346846039,NA,-0.724568426881941,NA
"70",20.9916308551704,NA,-0.00552109485993313,NA
"71",-18.1149644862182,3.9147542083305,NA,0.382969596867865
"72",10.6981660941261,2.83404459812097,0.845550321620935,0.296436002245173
"73",32.1838789043966,8.61746105205712,5.66463699227747,0.0334858023773375
"74",10.8339049358498,2.96148288619009,NA,1.56774710110369
"75",4.33675671636998,1.91563023084214,-3.85248276166692,0.743304375928086
"76",42.1945006599197,7.99130582938263,NA,0.362376859856254
"77",30.8466569759059,5.15962309159462,8.40947272246977,1.55837414405289
"78",28.4370091563531,6.07440405624885,NA,NA
"79",1.47661229997308,5.91601576270305,3.72970503883533,NA
"80",9.79057465642662,5.45310945081853,-2.10490491933723,NA
"81",-7.69569595525547,NA,-3.95543147995072,0.394661223891335
"82",10.752668504381,10.1747831378262,-0.617423431820544,NA
"83",0.375589227622634,3.95757242657432,-2.08379634784101,1.40982166246023
"84",-3.44359850942598,0.996946071056606,0.243764520794992,0.225699434289958
"85",12.4950543480153,9.57661543971869,4.67801871546057,0.60048300444842
"86",-12.2883262486207,8.13483937640161,-4.83613504605885,0.422846340055681
"87",17.9723371706844,2.20434320964483,4.05399443842636,0.0366170301567763
"88",5.57448756597717,4.61758907895686,1.97455943917213,0.796440765739167
"89",20.4850727406348,5.93407966318748,2.73226658047412,0.187050082953647
"90",8.69829842531344,9.70787895986785,-0.911338825662329,0.199083473533392
"91",-11.8529574702303,-0.687763968787014,-0.903710361223301,0.550815222298211
"92",19.8281474620518,3.85743389884585,0.320349607229123,NA
"93",-19.6714220519225,NA,-3.7472843169641,0.184788074734078
"94",0.553712389745576,3.24874675320758,-2.39654239500856,0.731326281051052
"95",-0.843455831646601,5.08290425670764,-2.4125562578221,1.08999660325454
"96",27.9807893921249,NA,3.55471551728673,NA
"97",15.9796955824869,8.33908344120185,3.35504095818722,NA
"98",18.0293019912764,NA,6.23196098270175,0.368614240062839
"99",-1.27002357243637,7.62117843440414,NA,0.686734479365355
"100",1.06768271235435,3.87689068565107,0.909603935677499,0.1135355590377
"101",14.5488942027909,-0.557427985480003,4.98385077516427,1.18931263899146
"102",51.5530371544256,NA,11.6181232138352,0.231630503199995
"103",29.8368722529823,13.3652036391971,6.02255787839421,0.4080240833363
"104",20.4545709810814,NA,2.14770446894777,0.140161060728133
"105",12.339108860796,-0.813722022480958,1.92468158447237,0.0550985722802579
"106",12.3871439362572,10.5046790403881,0.276992562609988,0.233063858700916
"107",13.4689980564851,6.08366657885922,3.61451916319059,0.201689253328368
"108",-1.43024441928621,-3.51627522673256,-2.10647174751753,0.0802846194710582
"109",26.3011386476323,-1.23661944787515,NA,1.03171590152652
"110",24.6745451915408,6.28844149072276,5.05620597300583,0.784567897166026
"111",1.02418792132911,1.95764627620483,-2.64523663096629,NA
"112",10.0831502345621,5.37578519263845,0.397655058292086,0.662846330066627
"113",14.8459555611972,6.7209396643823,1.40992204947,0.0203778005670756
"114",22.7920346852351,3.18709688344434,7.50760790253875,NA
"115",-5.0261116174319,10.2310801098406,NA,NA
"116",13.824286905773,5.92756393281019,NA,0.111982920110707
"117",12.0163703561437,6.57464481273374,-1.03021953544466,NA
"118",34.9680054411794,3.99311368660791,8.02488714852354,1.59746139860692
"119",-1.70548629660972,3.57665531376975,-1.12621529510053,0.103063990594819
"120",-12.0507979333164,9.34193465936658,NA,0.0295878603337542
"121",0.290542119754278,1.73737708489943,-2.31130731046749,0.598864047301418
"122",19.9739571315538,4.03875663264245,4.10806062719603,0.612101020270443
"123",-5.37337573250413,5.07349103106257,-2.1752558081814,NA
"124",25.0943271575,5.44515739430756,NA,0.263957255258091
"125",-0.206096385992005,5.47006211588043,NA,0.048629812663421
"126",-5.74344055427007,NA,-1.25436063730927,0.108337826769657
"127",-5.56988518158052,5.9946137731038,-3.40451599726114,NA
"128",25.9026745091169,7.31770352571577,NA,1.12289486539768
"129",-17.9010180999365,3.99907222642499,NA,1.45681003472748
"130",-4.60412953279353,10.3989141494176,-5.8591060472012,0.469667476115233
"131",5.16697112123525,8.09762957045335,-4.67981822670722,NA
"132",-7.02871180579806,3.56244161835072,-2.52053159092092,0.0777486024890095
"133",20.5341215258643,7.05469816556192,NA,NA
"134",11.7140395905297,5.1850142033583,5.09841892283009,0.222615990322083
"135",0.579171249828094,3.89582564817389,-2.55579152068975,0.834454514044237
"136",21.5628970346921,4.21668321713048,6.96788797632352,1.10030704005708
"137",12.4564791755606,6.81334877714011,NA,0.826836119799026
"138",24.9135582393674,NA,8.49035110257815,NA
"139",9.03141576851249,4.79570267478366,3.79821018819822,0.308205973356962
"140",-6.16032872800928,NA,-0.842492768230363,0.0646483956772165
"141",7.20225770472481,6.24174158171312,-0.549122138072826,0.0778206391260028
"142",2.21038461133028,6.50759588129782,NA,0.479483123847699
"143",17.0834737182903,7.57874845785865,4.06801385249559,0.523398800266391
"144",7.98154130333261,NA,1.19012410526055,NA
"145",-18.6417043720495,6.15877877338042,NA,NA
"146",15.0363865338179,4.76738276110112,5.43332458754103,1.71687748274746
"147",4.62184515601881,NA,5.08771526325765,NA
"148",17.8311089029568,3.70903790874181,2.01743363921506,1.775531376607
"149",-10.9039943899422,3.54187405872335,-2.63491895228074,0.564848750343031
"150",11.0876586617264,3.44459852122203,-0.800099613788967,0.533699983709908
"151",0.125804197137469,5.011755297885,2.11251034454953,0.117059929762036
"152",1.34489475545593,NA,1.8103863639069,NA
"153",7.79260552322261,7.82306026970934,0.738540050175054,0.115739873377606
"154",16.7230014820795,10.520132140547,2.68867192705923,0.753574321935785
"155",4.3090847357634,3.3709675736182,4.03149779647617,0.0699342605657876
"156",15.1608508767851,5.63812259612201,1.82110806348651,0.518693116006857
"157",10.9427355143411,4.13856803428912,0.352149597149466,0.591064036337143
"158",-6.007559554293,-1.28478407284259,NA,0.0238273174941619
"159",11.6076283991051,4.43538016588237,3.59888517229993,NA
"160",-13.350338190851,NA,-5.75983250551954,0.187806283589453
"161",29.0357053850687,7.92701457046908,5.48988684875062,0.584473205709314
"162",23.1891498855768,NA,5.35922398891423,0.28308081603609
"163",9.45570081989601,6.23163461406493,-1.24520704918398,0.857300786259484
"164",5.77507755532061,7.21922935998291,5.07863351080482,NA
"165",7.32210397985809,4.09364606156787,-0.628850228782795,0.191977958194911
"166",-4.99482779520475,4.87715404008099,-0.804654582554595,0.455262281544445
"167",19.7339142707915,4.71502133862917,2.92377197466819,0.434776961348915
"168",15.4028988855095,NA,-0.711352566415101,0.400272630599743
"169",2.8150847957573,2.70344368626031,NA,0.182432293139576
"170",21.3001477224148,1.22685391755902,1.12058359539899,2.09178961242054
"171",19.6817661475418,NA,-0.0268212003600743,0.421339679341174
"172",23.8988711366422,NA,4.16696468931789,1.04166045890415
"173",-3.08503779468707,6.28669777389976,0.753710871128699,1.17368578761957
"174",-0.374828789243805,7.8691951529738,NA,0.076046543661505
"175",15.0051501960541,7.18121668170537,5.86075873328575,0.204540625055857
"176",2.17961312293977,3.43459573934766,-0.643007034340456,0.198609314393252
"177",8.60797958801782,2.37583974575297,1.01398132702632,0.457066304029381
"178",24.5049848881337,9.41492587717427,7.16331193629863,NA
"179",7.12156035478136,NA,0.557349585103342,NA
"180",-5.48754583118678,-0.360588420227678,-1.14829724050565,NA
"181",4.60178704034341,2.4203116120014,1.11778702191625,NA
"182",-8.02578660196258,NA,-2.8399940180802,0.471289082409299
"183",5.74691829900108,NA,0.653746312789302,NA
"184",-13.9280662826203,NA,-2.32717708563384,0.779755540443208
"185",12.0731721880078,0.109403507886176,NA,0.411767100739653
"186",15.0395729183113,4.9952589256657,3.9262738794326,0.176085272875125
"187",-6.82558729905705,2.85921122808173,-0.0960348364255721,0.548743312691754
"188",-7.12685895506683,7.61574411045502,-4.95371671120346,NA
"189",1.73381634360346,2.48444306323987,-1.85758978172741,0.141895489206477
"190",7.95619948518372,3.33039906059199,5.17170147713342,0.520542232298708
"191",14.6046912031016,4.23629972478758,NA,NA
"192",-2.49549265756242,8.39004730826601,NA,NA
"193",-8.88320081927159,2.62846621947619,-3.44070454718167,0.168129639700055
"194",-9.85799337519816,10.6569326785098,-1.97478452411547,NA
"195",4.92589926550524,NA,4.15447054407949,0.475342485678911
"196",14.1529626844802,2.78421811027964,3.61411596723068,0.102332225535065
"197",8.38440782475148,9.91468544015008,NA,0.428857881089157
"198",25.3387848366278,8.08676615286,4.9813504091336,0.228094073656236
"199",1.30857616038968,-0.252287713695692,-2.05051648364245,NA
"200",-2.5319920826729,4.322762414018,0.960092798989182,0.144032793664858
"201",24.7280582434985,4.49566718113793,NA,0.26178071484901
"202",-17.423908085276,4.85713326815742,-1.80393508525026,0.253097030101344
"203",4.27601826658224,3.26509993402146,-2.44023141521825,0.294883834663779
"204",17.5882999055806,9.99350161042478,NA,0.333540209336206
"205",15.1043488720387,7.64621087383668,3.90982366672444,0.217408013297245
"206",22.8413262311657,5.23528773846832,NA,0.155328704044223
"207",5.22379417677731,5.7788866616801,4.31572710728028,0.0808531907101222
"208",-0.859851978699224,4.17195386183311,1.58072549143,1.11085445213768
"209",10.7731821591268,NA,1.80194137179563,0.066318818135187
"210",2.86954086310332,4.0950459126482,-0.899721987344183,0.837696663993311
"211",6.089623944574,NA,-0.772795434341332,NA
"212",8.94108158255639,2.46726457409125,0.206735360662868,NA
"213",-5.93279905320799,NA,2.99700229072977,NA
"214",-6.53739977612955,7.5953838913833,NA,NA
"215",-20.7596840300134,2.70258622563143,-1.07595602785802,NA
"216",30.2275217521023,4.02613460832367,0.992984697797429,1.0105054443282
"217",13.9239868918845,4.59071860224412,2.74941926697197,NA
"218",-2.76597589151743,5.4607175190947,NA,NA
"219",2.45338070242248,1.46172378308504,3.17596025582593,0.423535415180029
"220",22.4352248501684,4.60298794514113,-0.515378854970874,1.31267292139338
"221",18.046666917236,2.63162347186324,4.61615365562164,0.329835417680442
"222",15.690811340306,9.09185767861925,NA,0.741098613436234
"223",25.4327701341311,6.99285631107719,9.03581207769948,0.647071628344661
"224",13.5490021543491,7.95366416593723,3.7611924557508,0.384915509120011
"225",0.129230897053859,NA,-1.75671829564288,NA
"226",0.0853221160787889,NA,-5.19406358911569,0.160370078636333
"227",1.412522410352,7.66305118667839,-0.393039086877601,0.892923856112075
"228",11.3653850374224,6.27950112069181,NA,1.81881041348654
"229",13.7940226358898,7.13477724559322,3.56577306216732,1.29107182187246
"230",30.591890432363,NA,4.85891173085133,NA
"231",11.6046985022082,4.65354947185638,4.68042656031912,0.138451360398903
"232",20.3428549292941,NA,0.0537012710641473,NA
"233",0.324603384344546,4.74085517554835,-2.86585811758195,0.0340615464374423
"234",4.45888545550581,1.64144392102846,1.5745568290181,0.312933909939602
"235",10.2436946109273,0.397427217457732,5.7113489323306,0.563517630544907
"236",22.0835622671178,4.15103480956329,5.3395573282941,NA
"237",8.72052379569631,-0.442995052422416,7.03317086241131,0.0365064782090485
"238",10.2606989738627,4.36908861582397,NA,1.00847122162105
"239",10.3571587117324,4.26991666602351,1.01748309930559,1.83920026839453
"240",-4.85349316746033,3.54191398517175,-1.07893398947715,1.06822430236156
"241",16.4482718665584,8.71195291408304,0.0998390412785027,0.384671393295235
"242",16.4197662580322,3.0809064281069,3.23548619528092,0.329262469196692
"243",7.61452465404846,6.81714482565362,4.71374304119194,0.0857904108706862
"244",20.8566613198412,3.94261440838862,NA,0.455337237080044
"245",-10.1230795714818,9.47939350907583,-3.25459345414882,0.522900368997312
"246",-2.59994602903443,4.76847590971613,-7.32796485832342,0.195481466827914
"247",-3.45776591014458,6.06531967210202,-3.95865083422987,0.966803706308307
"248",28.2295444956767,5.31299348908407,-1.09676931131709,NA
"249",21.5145598178483,NA,NA,0.0385034075006843
"250",21.2072405434967,2.75917583127089,6.43017089611554,0.693086215739554
"251",16.7703468656527,NA,-2.32653631535098,2.71852784682263
"252",17.3839012535916,5.3882620109634,5.63254910368276,0.151357662398368
"253",1.55526211832583,9.38595736474981,NA,0.329888273961842
"254",-11.969537777595,7.44024812428064,-3.59542309777919,0.906274544033122
"255",15.8067929685038,3.11596666841087,3.44384506662562,NA
"256",34.2283401077519,3.03098562698993,8.17458547981394,0.0208267867565155
"257",-5.38410501883202,0.389250933424417,-1.84770445920059,0.340190737042576
"258",21.4173634883928,1.31920145303279,3.89433028500097,0.456968303283161
"259",-18.097237171861,3.05788166729324,-9.7513578864555,1.49195214247397
"260",-4.3226656630351,NA,-2.07753350776192,NA
"261",-23.3653689751277,NA,-6.40847374511077,0.0467911213636398
"262",23.8537747116466,3.86125846174118,NA,1.07065542501615
"263",4.42707930124201,NA,-1.10807159400672,1.66018942362609
"264",-22.062444408011,4.96224051826936,-0.625788750824856,1.21867831324445
"265",0.0777573498146391,2.76463979349555,-2.08505384886694,0.287023459095508
"266",-13.7334403690662,3.63117342033688,-6.6872305371659,0.266490070847794
"267",-7.33414880645107,NA,-1.51114619763642,0.855747574124683
"268",0.0277631189611292,NA,NA,0.100663428907513
"269",13.8991445755799,NA,0.0266927361589048,0.144693714100868
"270",11.9970935144255,5.50945244177114,-0.590861871074921,0.0229390669878342
"271",1.98634469393268,NA,NA,0.00579107083930905
"272",-8.4353045793304,4.2724109928233,NA,NA
"273",7.81590726714766,3.88318511714528,NA,1.27709936437415
"274",14.0466046853045,NA,2.02113664430895,0.184575895521482
"275",-9.60586790303434,NA,-1.51323079344568,0.150777242379263
"276",31.9871790450048,4.34133603830259,11.2655366130658,0.111290286760777
"277",-5.85830929723679,6.53707421427534,-2.75950454161977,0.0919740009121597
"278",-1.80837150612545,1.04213573311752,-3.31489971458529,NA
"279",-13.9226006998591,4.27011538345281,-5.58012646504946,1.21745387365328
"280",28.6034061203544,NA,6.71898690084926,0.576215069427176
"281",25.6478701642708,6.00009501700029,2.07620943114125,0.0661561333198616
"282",9.35701422710169,NA,0.514636965518082,0.0208471964540533
"283",14.0482878238185,3.07781014863561,2.81581610667918,0.904311537700606
"284",0.931959576025986,2.46377005522827,NA,0.448361161143935
"285",2.65186764928926,6.75487376706017,NA,NA
"286",39.587584554812,NA,8.08643030430288,0.592827273977405
"287",11.753139675081,NA,2.63072320876892,NA
"288",-0.201840516348389,-0.249238517079949,2.90148282930258,NA
"289",18.1245960198518,NA,4.99320886666557,NA
"290",28.9622087025198,NA,NA,0.271202429896221
"291",16.1095950051896,1.35521650905973,NA,0.357254701221817
"292",11.6246594015649,8.27773287989836,1.90260324090568,0.239261757370033
"293",1.47635048810444,2.87643360627901,-3.11276718972034,0.0392295520452828
"294",7.51434012851337,5.10905166934683,-0.435749242505445,NA
"295",-6.92318968064646,-1.23337729470409,-0.513653466069848,0.0712839104330181
"296",1.46995128582311,8.67844509980598,-1.33167534379541,0.310332731343806
"297",12.4706018541406,0.830408615501992,4.70504027499786,0.667608316813235
"298",13.4127620907279,0.346340825159855,NA,NA
"299",-5.78592653526919,NA,NA,0.0258965405019279
"300",17.6066054035592,7.91914625827092,1.87284074871984,1.43129411624222
"301",6.94242031344607,7.54907502928363,2.07607587372524,1.13102717784451
"302",8.8280358845482,-2.78641826099822,NA,0.790319205219758
"303",7.59196217717776,5.37099002509303,3.29239533616879,0.399703658630556
"304",4.33269929511837,NA,1.80421249604335,0.93995107519896
"305",-12.1485696613523,0.926349173304962,-3.4264557310207,0.060493451077491
"306",9.48247407646866,4.14745931674761,NA,0.0961884003234501
"307",-3.54846825857405,8.98336200918246,-2.67104749466073,0.943719792137754
"308",16.3364825692723,4.5518517973842,3.56675684467784,0.443170139024933
"309",10.9891112571597,6.76561024270715,-0.552845343108785,0.865357554475677
"310",21.0700818956463,7.30656393193049,1.90651506112417,0.428748306797302
"311",2.6796302968615,0.575352535942557,1.2126910298338,NA
"312",20.5269149007357,7.12065590792252,3.30386720283787,0.799397384705854
"313",15.8661615804686,5.74458688596894,NA,0.134591160807759
"314",-12.6770073050797,3.50956023160067,-4.09690989741643,NA
"315",-21.0438653599855,2.39878480473916,-7.02137945920794,NA
"316",12.9808329298174,5.88378283479458,0.147507924985617,1.01169696818562
"317",20.4436759812709,8.87053948292265,NA,0.44731881933049
"318",36.0529157839019,5.96344752884523,5.99292941126426,0.266863018507138
"319",13.4424481962151,NA,3.71056191671508,0.196450971998274
"320",28.8925745578884,NA,-1.86559597642887,NA
"321",13.2569938330498,4.38266788435181,NA,0.148962814593688
"322",4.99884991997178,NA,2.3196274850764,0.214625876862556
"323",1.73399713871298,3.95654087714982,-1.33219915268282,0.105780731188133
"324",-11.4424270439243,NA,-1.01485066906282,NA
"325",-15.4270241718632,1.8427740920915,-5.54411725476006,0.893818672704411
"326",-7.42877036779959,1.5214152284325,-6.63241516288686,0.57796316837663
"327",-14.2511905339334,4.27473151931353,NA,0.435031167210496
"328",-4.92715048921287,NA,-2.39267294257439,0.658571955261237
"329",28.349543566955,5.81738161097375,6.43127208975116,0.156346187228337
"330",-0.958314589318772,4.33264914031489,NA,0.0969422424677759
"331",1.54604897372281,4.29938891971061,-3.36081622747139,0.147785272682086
"332",-3.37193969376041,5.84120341204899,6.31799012476416,NA
"333",14.5759975935353,4.23039101555044,1.07224801474636,NA
"334",14.9639279621561,7.94368181518333,0.68706861975445,0.256034726509824
"335",8.15641783750884,NA,-4.62088300948165,NA
"336",23.0852418722568,3.96154928393519,6.11599713618011,0.284531503282867
"337",-6.48305837437042,NA,NA,NA
"338",21.9329924064428,7.96728235371481,NA,0.102188067510724
"339",7.59031156385084,6.11273829182298,-0.238063258102639,NA
"340",32.8456134720562,4.93022834099584,7.68031879680917,NA
"341",17.3957959718123,8.3017719966178,4.71049550227643,0.834334617438626
"342",12.6755583982868,6.73232073097697,1.54016928212929,0.261762410635129
"343",15.2069494472566,NA,4.85863334018276,0.288511298131198
"344",30.8372145842572,2.07509214096511,5.98780465676614,NA
"345",-5.35477443060234,4.50659493436911,0.479018720942951,0.190466692205518
"346",19.9154201370582,4.68944706789387,5.67526409444036,1.67486643410268
"347",-8.81579503231823,3.72391449400342,-1.93439493161757,0.0113500016741455
"348",-7.04583524364328,NA,-4.43741577280314,NA
"349",-6.51261476376373,1.28237130530916,-0.836247477645788,0.614195016657418
"350",11.5859899195361,6.41930160506452,-1.26073484246106,0.0255680583760865
"351",23.1178882965003,5.87400084245813,5.38779826701941,0.130866773659363
"352",10.5485822167117,6.94918498038404,2.05890478414108,0.203558807028458
"353",25.3407183656316,5.18256200299301,1.59009747336187,0.196152578402584
"354",21.5223723463721,6.65785407683503,2.68218635765381,0.362164074306666
"355",-11.159074938871,NA,NA,0.129711474757642
"356",-5.91914615910404,1.8778361546059,-5.31132603534275,0.135407866211608
"357",3.64335683043393,6.74146934299021,-3.89709581573247,0.979730357373965
"358",4.04298447191876,4.7419347623415,NA,0.394866192226714
"359",20.3190835642801,2.95171645010375,1.45739617695831,NA
"360",4.47997057662271,NA,1.79401118973931,0.160004718037004
"361",23.8559847490431,5.11913544074156,3.61144679769619,0.527890173697329
"362",15.5332619765661,9.72165621474463,NA,0.465541014892465
"363",8.32030387158215,9.87788339551162,NA,NA
"364",35.9527246353257,NA,11.6164693130235,0.333577749086544
"365",21.6711104446299,9.15201523701877,5.39673349784622,0.0629486105838223
"366",11.8457937333023,7.84761330076493,NA,1.03941444955291
"367",25.0010675664654,3.09842137032914,8.6531132020578,0.0530929849483073
"368",19.9623935079465,3.0044631752463,2.86766286999359,1.16415741195189
"369",-16.4908549016496,13.977963394174,-4.44855559373764,NA
"370",2.43143450796974,3.51946736115508,0.720122992981299,NA
"371",8.20388466806057,5.65250721046646,1.35149496669537,0.777805345090938
"372",11.8685488210254,2.26563265502987,NA,0.0384462468384995
"373",5.16272129446117,4.20626317061581,0.410450252602485,0.0769160469814012
"374",6.41427073484754,6.72908016320448,1.96197697387647,NA
"375",26.0755820206518,8.70229869587372,-0.241385651512549,1.17452744108843
"376",-17.7605860718095,4.003503202142,-2.84418282223098,0.354705206097519
"377",-15.7715457340949,6.93887626856219,-6.78486329002293,0.00588658056221902
"378",-4.02521332207513,7.97996712345586,-2.09193665315648,0.246731049148366
"379",15.0649485141418,8.34763182534489,NA,0.856134419287455
"380",-14.1226283119107,4.76838091293584,-6.28630934168831,0.569374191088087
"381",-16.5045636693895,NA,-5.70038937135098,0.00756411835500051
"382",-6.83859721723522,6.5155141394938,1.57216450803536,0.351121400461948
"383",25.2755687297999,3.91076917609589,3.11469005062845,1.81520668112151
"384",6.52574344062283,4.91515063012675,-2.36943436122963,0.0260215259622782
"385",2.19102343825003,4.92300889431261,1.0347316728145,NA
"386",-6.00885141320015,NA,-1.08665537574765,NA
"387",26.1764703059953,NA,1.71892458579563,NA
"388",24.5447987670323,3.56620725701979,3.04872221670435,0.257380502065644
"389",11.4380327594814,NA,NA,1.28699292701887
"390",21.5827272198055,4.23217374569294,5.83914312484641,0.0311212224268029
"391",-0.103443154836697,NA,-0.853842748568457,0.395723042522973
"392",-11.917191592245,2.76783854367225,-5.02308632582279,0.0400646680500358
"393",2.41991407334559,NA,1.11378162123423,0.89345071088047
"394",7.5849471025463,1.13958001134056,-3.54050977116142,1.2655905233066
"395",-9.18052966057883,3.46842908902022,-0.251622640144655,0.749317372175765
"396",21.7647807006949,NA,NA,1.43505646773968
"397",11.1838131231936,1.95108744207901,-1.02570500707274,NA
"398",6.7446099079234,7.83596196231927,-2.41973701704951,0.455011681028251
"399",5.97185031087673,NA,2.89627062452747,0.408857774899757
"400",1.07057849313524,1.12015630762035,3.49367446887347,0.299129494000226
"401",7.67018721880839,6.76309750369302,-1.53207391572637,0.771601570728135
"402",-6.26381953191163,8.78629585013989,NA,NA
"403",0.174135117925784,2.63556218952542,NA,0.487818090689784
"404",18.8883725418441,6.70733549180164,NA,0.589286998824632
"405",5.80604980888169,NA,-2.7867239801287,1.0538397123407
"406",2.00089105039157,9.98742764704028,-2.88969379411911,0.0607688610907644
"407",17.2109915298571,7.41373409708249,0.865721209274409,1.03913323111357
"408",7.83497986973334,2.16482749831927,4.18878607101384,6.7275483161211e-05
"409",32.1336052726915,7.99609321153793,7.83815286711376,0.786113856914023
"410",-10.3779654282218,4.5961503462345,-6.62056585611486,1.04929136012899
"411",2.40255789659916,1.81258028687862,0.257950718821796,0.796468735630524
"412",45.155880387736,1.04842421135685,9.49344356007817,NA
"413",20.6398112545798,NA,9.05244545467932,0.163561267545447
"414",-1.8479522055177,5.19826666232463,1.90097764717664,0.526859628481275
"415",4.19354684353273,NA,1.98846261937154,0.211197696393356
"416",-9.96240993275479,0.802496933080494,NA,0.707173350371717
"417",-3.75171196660185,2.77055985213081,-2.74698792959916,0.0941476722564726
"418",8.48119613648029,9.59546903205626,1.6583201801216,0.418737790052664
"419",28.4181798412069,4.63073150839545,4.87716504173558,0.10462570306845
"420",2.17487460512685,3.19918918385163,-2.22274451387688,0.858954176799683
"421",-2.34616567121984,7.2251644734786,0.885704893843818,0.26950137829408
"422",24.87152238811,0.797039846190828,5.04515852296504,NA
"423",-1.3254714180223,5.5302012658942,NA,NA
"424",29.5989611518671,8.77914034852225,4.27878872767064,NA
"425",17.4452579652001,7.46473666405497,-0.158055030532484,0.293393468251452
"426",4.54902920188562,6.13009669173429,-2.87922862719678,0.798775339531306
"427",4.61990438891903,1.07498973111583,1.9105747438767,0.287497049430385
"428",-2.49654356126827,3.32220355265068,3.09299254825999,0.133843963472319
"429",0.169013666656712,-2.92212092838277,NA,0.0237555722607499
"430",8.29273032111913,5.88367150105698,-0.836207811117402,0.390327139750071
"431",37.3246645264155,9.178309262037,9.59381527106845,0.478092053721231
"432",21.7735943900156,2.9312181085124,5.84591242490429,0.533217927419996
"433",20.9609113030856,NA,3.12160586886776,0.468240624738342
"434",19.1738374738575,7.53171619898303,7.27417484629774,0.213997622020543
"435",19.6546232363312,NA,3.87398915457204,NA
"436",21.2557070923218,5.37532807361457,5.3454146839142,0.0926575930789113
"437",4.13674500497421,NA,1.63836887661061,0.427547449795513
"438",12.2030069144601,4.88605816077765,-0.406875333106729,0.805923254187119
"439",-3.53397134850166,NA,-2.87003516535563,NA
"440",0.182592981786018,NA,-1.11123262136536,0.62793862398476
"441",18.8318740861975,NA,6.59104129880184,0.221940750529246
"442",22.3293625747935,NA,1.87879562287969,0.346787767611449
"443",19.5490195385677,-1.71124936923793,5.08565507920029,NA
"444",-5.91590390273084,3.57027579122502,-6.30871808919485,0.24288430106562
"445",4.09632442730121,1.92353312010807,NA,NA
"446",8.98975307416999,-1.51448159699396,1.66018300212876,0.429182987886683
"447",33.0240537732827,10.9594122242998,NA,1.53411222449525
"448",30.6872703871848,1.10214790096414,6.88618867592983,NA
"449",18.3969083014393,3.00169463117958,7.20980643589113,1.24489526164936
"450",10.8510062848347,3.10320097879338,2.77877606746013,0.324226300697774
"451",-2.34972071592589,3.44616060635031,-2.91163671438295,NA
"452",18.8433728616612,NA,NA,0.189226967049763
"453",17.1457523793569,8.01162774531648,0.386343666592738,0.0256062891636246
"454",12.9208623403137,NA,NA,0.864353084894729
"455",13.767754165158,10.0370637283577,3.00213159507356,0.689554715042418
"456",17.1920210399845,4.68308866239404,6.54773512070447,0.532886365407562
"457",-0.531557407674685,2.13432544443377,NA,0.215179645262799
"458",7.29457524254795,NA,2.89097541064131,0.415516824677735
"459",-6.15043494618723,5.14391156399802,-3.28029869646362,0.647954365217543
"460",10.5370746277681,2.13031302988271,6.05598160981183,0.393503327718259
"461",12.0931106882463,2.22623257601782,NA,0.69474407108448
"462",27.7493221734308,4.79736792797531,NA,1.27754270930992
"463",11.330504596528,NA,6.05600877909323,0.381710057933438
"464",42.7828573750318,6.69862728020327,8.74538081157001,0.613226675407446
"465",14.9312889829468,-2.16097523292322,3.25458729709308,0.383261526448137
"466",3.04624289672728,4.74197536402407,NA,0.115219654748216
"467",25.4769727785258,2.70745723063466,11.6008660555263,0.156738312766196
"468",31.7104902261401,6.34721849033061,7.11891877238823,0.0422583054365338
"469",8.02272651989847,6.25789188349,0.664346343413869,0.624758042392987
"470",25.2401974979973,NA,NA,1.29353611444341
"471",3.41219179010172,6.49788739636266,0.938887723406731,0.761285969945502
"472",16.3763163887851,9.34749882921195,4.65351721564405,0.495592632775611
"473",-18.3579996079187,1.8790547888081,-0.806074300599855,0.430747895014888
"474",3.43145839061582,0.97045187465085,0.678098733494915,NA
"475",54.0745856195629,10.303498721647,14.7035687107134,0.931522924411011
"476",19.7921721244595,NA,2.0992652228938,0.0606179765891284
"477",23.7001276766474,NA,3.51196035541254,0.450526464709497
"478",13.0658192977888,6.99740482776822,2.78152545742606,0.00590582033253341
"479",-4.90757219197131,NA,-2.12755596574058,0.107784679392353
"480",28.6585529047798,11.5104331160941,3.72508439585008,1.01567968070031
"481",-21.1510093255725,0.788249252971568,-6.54653667983724,0.212795954197645
"482",22.4512028242037,2.14249393546811,NA,0.738161232280445
"483",6.04402141236987,4.575726469967,-2.54210144522523,NA
"484",5.0524939029988,NA,3.61532636987024,0.103350382688801
"485",9.35956688477769,NA,1.52281070809752,0.225969993975013
"486",8.62022317059606,9.34407182787209,1.26965358607815,0.615274382734156
"487",0.910809635508253,7.56580888674506,1.47534297883577,NA
"488",0.314811666496657,4.91197331035117,NA,0.0134313367931091
"489",19.6560275331711,6.13742480771108,3.9334316055,NA
"490",21.4629303701429,1.35203924228667,NA,0.587485542034215
"491",13.8444389143231,1.42760068952522,NA,0.333765707910061
"492",26.0658475742543,NA,-0.10097828232255,NA
"493",-3.32914523388201,7.27612240589981,NA,0.0574961096997613
"494",-8.76750086199649,2.17917240854749,NA,0.0124825036322051
"495",-5.79345774684785,6.19537388241941,-1.53023221525969,0.219513940624893
"496",26.0036802236415,NA,6.06360933506689,0.0597941972859867
"497",19.4714325281836,11.9087123411775,4.39322542667572,0.00965955341234803
"498",25.7298254574785,NA,1.18735456590168,0.880972301545453
"499",-9.45153280958165,5.06386684114694,-2.66264147484084,1.39982906727919
"500",12.6171066413421,NA,0.968628127608867,NA
"501",9.87551141276126,7.45004034944681,0.121091564861357,0.0717872197301661
"502",3.04426828285418,7.22381514043407,0.385387560072744,0.963911149608803
"503",8.98213236242703,4.53566844764441,3.14598369164682,NA
"504",-16.9426240245696,NA,-2.22851100439592,0.303961489582434
"505",0.458416941038114,6.25816895668378,-0.684477737563053,0.591319404804072
"506",5.42358622981293,2.12612096550678,3.69985513698842,NA
"507",46.9303961833745,NA,9.50839499021858,0.165770950261503
"508",29.5353078165436,2.84098687767223,9.62861162764658,0.135565772652626
"509",17.1244338481314,3.68042348342451,2.83828781992479,0.291431688703597
"510",-4.57596406136637,2.86793452768496,-7.14953628230503,1.51777986801209
"511",4.37054366211202,4.77530501362372,1.80754534575426,0.0577090138103813
"512",16.4940887693456,6.00280109854284,4.90258727876662,0.197472895961255
"513",24.3581898732333,0.96246618861295,3.02110164690638,0.900499404589802
"514",23.3949482656597,NA,4.92865231105299,0.369586787165558
"515",-8.00107503037519,0.574947826207536,1.4225591274743,0.260845329146832
"516",-3.63006701675336,NA,-0.408157809059847,0.709231160539103
"517",9.57715386276364,13.7383942287649,4.19924569687385,1.35119699587332
"518",35.0999272435232,1.28693197655844,6.76253249212809,0.732362248462405
"519",6.76562005735328,9.15866662268611,-0.605448963599804,0.479699247961348
"520",18.3443888917096,1.92436609209484,NA,0.254786352161318
"521",0.946581058161903,3.18746203501688,1.49542097065942,0.0709503828996537
"522",2.50586564232848,NA,0.403187948250168,0.262263462665399
"523",13.7734638205454,NA,6.69051895767595,0.13533528631257
"524",2.66741294237233,3.9896756779026,0.665387366924239,0.269597300328314
"525",18.6971594529167,NA,1.56550528923913,0.0152560838032514
"526",30.2323190103233,NA,9.19896899661201,0.978881958830071
"527",37.7890363113438,6.51298965964135,NA,0.40911778424924
"528",-2.17402212462978,6.85955271527619,NA,NA
"529",4.55047088074774,5.27338427878647,-0.395170942204662,0.499651212689883
"530",19.0263109712928,4.37388225761175,4.00094556577385,NA
"531",-6.70892464463424,6.34759000284757,-1.23293631075815,NA
"532",10.8454916596022,6.51107494091688,3.67846183525,NA
"533",-13.6231124486889,5.27978896080622,-2.81745584227839,0.2543250041378
"534",-8.11871626718931,1.76476186744137,0.600248279163542,0.0344451006967574
"535",15.7548919008768,7.28891372386192,0.64711864059227,NA
"536",-8.51909610112353,8.8590227324727,0.410939506615481,0.310895011993125
"537",-12.238666737929,8.84584127487195,-4.07084290657676,NA
"538",-20.9274861934017,5.01308344885446,-5.77320952771973,0.57335733573646
"539",-1.86093259054881,4.55684180409243,NA,0.192404851084575
"540",-11.1870990360821,3.86154568225555,-2.81960243400226,0.63574133531884
"541",9.19853348028675,3.91769117816339,NA,NA
"542",-21.7621702279013,1.94679160187533,-5.57955214705638,NA
"543",13.2932307454737,-1.08491779514488,6.20184226663566,0.0817115126846744
"544",12.7741469472425,2.09177013624111,-2.30338697275504,NA
"545",16.956757277303,5.99664731457147,8.28250845199751,NA
"546",-9.98828508170556,5.26293325636086,-2.61071009186096,0.193450315070266
"547",13.4057013137484,3.51024391965894,-0.31213425798235,1.01352410107375
"548",-24.9800753647385,1.73397138412844,NA,0.151265926426277
"549",15.1703464831503,NA,2.28296472066883,0.0031244729179889
"550",-0.88007208907034,4.79658963697247,-1.93128048684244,0.213642084272578
"551",14.5948887580928,NA,7.47190662002974,NA
"552",-10.248578818249,7.05169428883315,-3.65599757630457,0.147711356403306
"553",7.66406098717621,6.98295697925639,NA,0.46484054296971
"554",9.08574623112388,NA,-0.264789482563177,NA
"555",15.7127392853751,NA,NA,NA
"556",18.2426001105508,7.52461536959593,4.50254944756539,NA
"557",-10.9061381449345,2.65436105957187,-0.757453361717883,0.0365945063531399
"558",11.3481253795554,11.5175452325405,2.52496840037851,0.342646168079227
"559",18.4536386071296,8.79202479422991,5.76278598802944,0.270733546465635
"560",-4.17739629593091,1.2780941067233,-1.68493785001502,NA
"561",17.8771432908281,4.42742692357704,1.12869556084364,0.986960694151831
"562",1.77582717693845,5.95172142083195,-1.59150059218477,0.0232233845163137
"563",5.51839792840721,3.47559061280832,-1.56695158145003,NA
"564",2.23940168915459,7.53838353515479,1.37592352785183,0.21041325468264
"565",-4.61083297974634,10.1813877071923,NA,0.106131131456127
"566",0.135637502351268,6.16284459155743,0.195957864414584,NA
"567",8.2860543512689,6.13834034684723,-4.68588620371662,NA
"568",16.8471972400005,9.27217191702934,5.09737228382789,NA
"569",25.274001810472,6.23305902480493,NA,0.0559297611471266
"570",26.2928668002115,4.74151968342357,1.21167317669736,0.426187797921928
"571",-2.0517222428311,-0.599660525721518,-0.0146997338895765,0.50563590323733
"572",12.4775126075292,1.44230609278011,2.12975893664049,0.714987518223834
"573",18.8814528935968,4.30595248358563,7.43532340439336,0.523431139045811
"574",-28.6914476870511,3.42455764836274,-5.79523584495166,1.35280064393984
"575",16.0640700929942,4.99287645701858,NA,NA
"576",11.7906002434266,3.95550959525294,2.98497847542173,0.322645251173526
"577",10.3826017332193,3.11605073552518,NA,NA
"578",2.87564203491954,4.84316310882792,1.13559752211712,NA
"579",28.3221853590827,NA,NA,NA
"580",16.6639475627854,6.20009738491761,3.7375941023695,1.1225201980512
"581",-25.6043549994629,NA,-6.47526214618322,NA
"582",-17.3005746096254,9.72409935920091,NA,NA
"583",-1.37071765999449,3.3268260541966,-2.91105377271344,0.514100145993239
"584",-12.36946507501,5.08718132824448,NA,0.0396397917053396
"585",-31.1854858925336,-0.597635527456362,-2.680161988722,NA
"586",-4.0527110283344,NA,-3.5606256197893,0.361549200063648
"587",13.5290643611415,6.97617732129689,4.87956883341421,0.0445455065752057
"588",28.7680639430537,8.22878675681248,5.47797976632161,1.62450779966059
"589",11.2299538495196,13.0761210557795,-0.400189252188929,0.647953495362258
"590",5.9201746389612,3.84434171145132,3.66063991085749,0.364132816416627
"591",9.70191860875928,5.64025316454014,2.98899255479988,0.0260084331418762
"592",21.1180360876125,1.53153028668954,NA,0.0501115373335779
"593",4.00216484906616,5.35531858013773,NA,1.41890263921561
"594",2.21469143803646,6.11866350533627,NA,0.984042200217855
"595",-1.01986961123321,NA,-0.881155825516717,1.59780735886636
"596",8.4503318294211,2.29323165733074,3.34079501896939,NA
"597",-14.911123795998,6.02101458138618,-7.34742930878882,0.651501929366446
"598",9.60598709735709,7.28660535839351,2.30574025891383,NA
"599",26.3267004111032,2.82011097107301,11.0558532745857,0.130144179565832
"600",-16.0990953247789,NA,NA,0.0146952161384796
"601",1.46456732177522,7.12679528588131,-4.06368827250146,0.896597495260549
"602",24.4915426124082,9.97277236258375,4.77929827758636,0.923766866284323
"603",22.987890895789,0.646394575983379,2.08279372654237,0.176587339016653
"604",-22.7826678818295,3.05849596906823,-8.36188260456353,1.159042798851
"605",4.80809372099375,5.16144136273781,1.64765292595678,0.0216339650830336
"606",-9.49366156935359,3.14293441403851,-2.24956890058691,NA
"607",15.775678513976,7.14982870604408,7.01195440013305,NA
"608",-6.96715676023372,NA,-0.965511496298512,0.255872270092368
"609",-2.64122982489559,7.66704937318527,-2.64112167158755,0.392707362190756
"610",14.7450556632438,-0.336222975366903,9.83006735374478,0.818867209768629
"611",11.9876828515091,4.49112546251234,NA,0.876191709148598
"612",29.0685297053247,10.4391443540828,5.33689854662866,NA
"613",-11.7453806281011,NA,-6.28720724499977,0.796268303113436
"614",-12.0088600601708,7.35311019775364,-1.17882587005017,0.447733818532384
"615",1.92551568962397,3.01933061440787,NA,0.966956903572417
"616",6.63924480009487,1.99592826432695,NA,0.428449067266142
"617",5.50603568666716,NA,NA,1.67064350462499
"618",3.68069923847968,4.79715087500067,0.391757606855589,0.532240296436331
"619",15.2701455120681,3.03818920422714,NA,0.541406554148948
"620",32.577705165108,3.66342920782011,9.73298812518684,0.274022670260586
"621",15.3600676891161,8.87108632276108,-0.379938395171384,NA
"622",9.23732139799899,3.55854624291517,0.366418918188089,0.13689927275272
"623",15.5558083407265,5.9468113482167,-1.49042055405631,0.229525247163063
"624",4.04828823598864,2.62071069832744,2.83842960437103,0.166742792585865
"625",16.5469719391013,9.55636381533856,4.78194154503826,0.753979861694288
"626",18.5378683775262,4.57452308154296,3.54323138055884,0.308901371667162
"627",-7.97254501059194,7.59982478859961,-0.764941812078693,0.379137523451305
"628",18.325957004587,NA,3.95393265476605,1.04457685486405
"629",10.5385180577449,9.99214733405172,1.37987413768164,0.662006620954794
"630",-4.39000670330084,6.11889792679672,NA,1.10847509085218
"631",13.9150973550661,1.83884601778779,2.76562305036743,0.165783016942441
"632",2.44295417933833,0.300839172144623,0.102638186465124,0.686366904971606
"633",-1.73173718272615,5.42785661423733,-1.66975040793012,0.628140501656985
"634",-4.72743114821042,9.03089397048014,-1.94441532169927,0.155623893253505
"635",-2.40803829978071,9.8018031796406,-1.95125220420684,0.269403040641919
"636",16.0992959604339,6.22119362722293,3.47604995075797,0.656747916692352
"637",1.11382869753474,5.83223583491912,1.31169484512913,0.924820047761214
"638",30.0321199086325,4.57215088015243,1.07801894499094,5.73812483217487
"639",-0.982572861432352,3.97247673692838,2.07862808746695,NA
"640",2.32649558017154,3.48062764017135,-1.46906943482623,0.441727327980555
"641",10.6907788958232,5.37770062054029,0.0484906048486395,0.045174345606938
"642",9.44530160496433,NA,NA,0.932710094335389
"643",14.4124131537892,2.4591420160204,2.85960324033542,NA
"644",3.24659130649688,NA,1.18450961255485,NA
"645",18.4427312677368,7.53163716182473,5.38165926893394,0.372066709030752
"646",-7.99677295561578,8.10648538517626,-6.75897418364643,0.116315396502614
"647",-6.78790460425676,0.441245861037653,-5.89763936828736,1.65175041920486
"648",-9.49851421947927,0.72756106657695,-4.0904424975525,0.420931365319944
"649",14.0872787731697,10.2332749240542,6.13001907022744,NA
"650",0.811183614782599,10.8467487015344,-0.00726337674613098,0.0712741489259098
"651",-2.09885672981962,11.4287529866832,-0.406251881390631,0.0202396343642758
"652",12.2302419734928,5.04482005435601,NA,0.277246291516349
"653",1.61516278637852,NA,0.549816559163285,1.06797675130175
"654",2.02898108677806,NA,-1.18995561681202,0.831598863894952
"655",-22.0422245562825,NA,-7.4129937114229,1.12207994696902
"656",-12.8214009369294,7.11620789070909,-7.08017196212454,0.0412943345198949
"657",24.8823869262713,7.71836778885495,9.18381499999398,NA
"658",6.47811758001071,NA,0.871152489303753,0.108759686350822
"659",-5.182388832057,2.88646063251691,-5.50498905289365,1.36957062495159
"660",23.2555889325364,7.23725592142978,NA,0.0211810362525284
"661",15.3508392843117,7.37444072444006,6.25983706104669,1.41266718498411
"662",-2.94010826216152,NA,-0.2318713840994,0.806285047758408
"663",0.770065615016549,8.87548940521429,NA,0.011124373646453
"664",-15.9306596421175,7.36249818897805,NA,0.410293629371977
"665",26.4208429686488,3.03796111522464,2.67289800497309,NA
"666",-11.1561026402404,2.8936614571816,-2.56027072405151,NA
"667",-31.9669413344008,8.24382452932874,NA,NA
"668",3.91752549994585,3.49018089524694,2.08685683695446,0.695603721733105
"669",-2.78923045903129,2.10101662069025,-0.181209457788351,0.225471898680553
"670",-3.23440617228535,3.38643519754564,-0.575888400363937,0.489902420414096
"671",11.2217545515489,8.64471315442727,0.564782946445231,1.10629209776627
"672",-4.79715097055718,NA,NA,0.723800096618843
"673",6.51916841364255,-1.2486567211079,2.89294429722305,0.195331826098213
"674",16.2807574616305,6.39496574740151,4.95768240930972,0.0725449055702017
"675",2.38009205625521,4.52656604697842,0.684667368173543,0.161330975592136
"676",11.6237722234073,9.09741039178124,2.20799587878431,0.0637788869159432
"677",-13.3739475895962,3.80488529755006,-0.588189613496902,NA
"678",14.7242936709184,7.37701732887056,NA,0.171702207466394
"679",17.5523907465569,NA,0.285683971930977,NA
"680",-4.12334481444008,-1.96505641740143,-0.772199514277086,0.1029897152107
"681",13.9832548597917,NA,-2.49887788219531,NA
"682",10.7409393865882,-3.49426609087681,3.19676554557025,0.539304885060942
"683",8.54654380088149,NA,0.801780344522355,0.0763911074027419
"684",9.32705562668528,5.52771778011971,1.44188645060819,0.755020494530809
"685",18.7463550454649,4.13331020705646,5.93693512677556,0.544363992267704
"686",5.77444603911332,5.17338371916439,3.71607879655389,0.476653525584793
"687",6.51048994575395,0.88747688222003,4.11470819623384,0.41432511952951
"688",24.8629453851697,NA,NA,0.0141854817457138
"689",8.90003128520309,NA,3.5947758780744,0.112629926996306
"690",-13.6595711369895,7.11542679793806,-2.83822585225734,0.479436811038709
"691",0.688956673714376,2.66642013669763,-4.96934209492537,0.953949161607095
"692",9.17785853100677,2.07704687862133,-2.55034786892383,0.982900047632766
"693",-18.1527107731764,7.82887540244896,-5.64963855675755,0.40279414502666
"694",29.1099579953397,10.5584264574345,4.73507437419674,1.98150384695011
"695",0.209206795678452,NA,-2.75286203736624,0.858660192524722
"696",9.70900548198877,-1.6402101560183,NA,0.0750031077431635
"697",-8.96211591294693,1.56530970075197,-1.23163658561946,0.212082928745076
"698",5.95537024266572,2.2644020311642,0.505840177821911,0.660995201291235
"699",-7.49520995644896,6.52836101905666,NA,NA
"700",26.8290305768213,9.95828455869767,-0.112106978599137,0.253350850738922
"701",24.4606044315249,NA,11.5029485936553,0.379809713573936
"702",19.5353525296822,7.50046075348439,-0.0612941180303015,1.31043170851873
"703",-5.7647297378063,NA,-3.26125944130419,0.0497454258147627
"704",2.42294307163082,6.93700573105399,3.09401411034581,0.115684273419902
"705",36.8196427229692,6.4191453649984,NA,NA
"706",1.95648500189125,NA,1.95829993917201,0.739627778488112
"707",20.4614913544151,NA,NA,NA
"708",-26.4736660564966,2.88392839518473,NA,NA
"709",19.3591487338133,7.46687852081878,2.84221358085794,0.366375884020186
"710",1.52707681249173,8.1420051471006,-6.14088846417931,NA
"711",-11.1894971089009,0.426113413827474,-4.36786475412867,0.0204402559902519
"712",4.03137394494113,3.69229873983837,-2.29894248550827,0.272781356237829
"713",32.3208792152205,NA,9.11634639424305,0.0157227593028771
"714",19.6085264172821,NA,5.38016402745034,0.145607997393665
"715",5.96783391086,NA,NA,NA
"716",19.0769710623876,5.45772200661174,1.99995128483274,NA
"717",12.472770442756,9.43439235388155,4.23259346458801,0.046194234630093
"718",0.0449597537804127,7.55503173679754,2.29507812459043,NA
"719",4.0034811747813,NA,1.32813572191305,NA
"720",3.74942101520966,2.29254961393508,2.8385847889663,0.677388633287269
"721",0.887501009828025,6.0712880934836,-2.43349664465386,1.01946309018405
"722",30.5799125286443,9.06965697187493,NA,2.24611378634784
"723",8.39644788055727,3.01312619561109,1.12855275526104,0.136675100773573
"724",-1.86768908771384,6.29549107497585,-0.403422142424299,0.00410751059710034
"725",-12.3287682529401,1.74486539232332,-0.0666681452676634,NA
"726",6.96923708068103,NA,2.88328771381103,NA
"727",3.51518345354905,4.88095715592417,2.01795661721019,0.82337157889725
"728",12.6134890713654,5.51080681372022,NA,0.147893410408869
"729",3.56100295315909,8.5798345434082,0.027505463005305,NA
"730",-9.21728319456331,NA,-4.58181377269,0.310270412126556
"731",-7.15946064073909,0.0460492979765474,-1.12951318417444,0.288012244272977
"732",25.682733493726,0.930499382435714,0.438613693321367,0.991657916414452
"733",-29.344962006489,1.57053820684647,NA,0.260762589517981
"734",2.90680335226114,8.25847528828452,-1.43382188920563,0.360175677554166
"735",12.0004821624796,2.71098427419586,0.588714880857113,NA
"736",25.5605864984614,5.47651155755824,9.24420666348328,0.242369477171451
"737",10.1036318465568,7.43363448379708,6.40023092492943,NA
"738",14.7180938247247,NA,1.89862647316727,1.20355147955226
"739",5.36758347355205,3.2874622840938,NA,0.244680582745088
"740",-12.9516856728081,5.03432587809878,-4.20120560606996,0.430263671537346
"741",12.8721990841402,5.9679097750158,NA,NA
"742",-7.97397365870442,6.63637553319434,-2.25551598779681,0.968912004451168
"743",8.38850671783476,4.26783680537838,NA,0.0417014852537454
"744",12.8985085579554,2.63131537178643,4.87350940039296,0.146987921791151
"745",22.5956900688078,8.18186712408996,0.584948705587307,0.682881961089975
"746",12.0266383811476,5.34034971271753,1.93188200135067,NA
"747",15.3569158344316,5.77985512306698,NA,NA
"748",3.31504146130846,6.15338157478694,NA,0.297264313558117
"749",26.2191113338389,5.313651444479,4.65817838187032,0.0981187669094652
"750",0.897075421424719,3.52199192437196,-3.5432166298187,NA
"751",19.5900990477666,7.67880961404037,7.00595484447384,0.334365734830499
"752",0.29633737046378,5.01711200821595,-0.6112288040666,NA
"753",29.8962959842044,6.71736906597873,3.97631565284653,0.121070224558935
"754",-16.7920190109402,NA,NA,0.0852186867616999
"755",11.0663287704981,1.40162497777728,4.26569781951179,0.0322045327324744
"756",0.841532618067667,6.41392685054196,-0.941683330169257,0.150643799221143
"757",31.7897347253831,NA,4.19162635540691,NA
"758",-6.2775664767373,2.69737987490651,-0.581486601348217,0.297826302470639
"759",20.0278785917215,5.62524100725529,2.57664238893888,NA
"760",9.71543828893738,0.721021054047744,-2.45996024206659,NA
"761",10.1540613265251,4.2410181227865,NA,NA
"762",24.2899682718822,8.31903897035365,6.47123715249768,0.318847187329084
"763",6.41919513997327,6.97726063814219,3.81147538712363,0.615174876970655
"764",2.29328304796275,NA,NA,1.87377169997174
"765",2.61279747425937,1.18973727904782,-0.730164641180213,NA
"766",1.93420288917428,2.84628294393061,0.98976548320104,NA
"767",33.8025012221028,NA,NA,NA
"768",-8.97293392562096,NA,-3.84813477869862,0.585421163102096
"769",-31.8410982063055,3.66274052574904,-3.6468216233371,0.710426773833943
"770",-15.3337634397381,NA,-4.4666884712997,0.651172228136516
"771",17.7835860972267,12.0812164464949,1.30872809173609,NA
"772",-0.134126077853972,6.54922724281338,1.88878584925245,NA
"773",29.3938347587923,8.33725731842405,NA,0.0903079092968255
"774",29.4581816113317,0.198184130462685,8.11854074934947,0.0558473866222973
"775",45.2024751747985,6.17432949842636,8.59138106785772,0.246901840670034
"776",-8.17121052960279,NA,NA,NA
"777",15.992125564052,6.32331145001097,1.15940058325369,0.149235507007688
"778",26.237653834523,5.7371310047703,3.68852851452665,1.0750209335071
"779",8.08261424379046,9.6151296088052,-2.65001869258638,NA
"780",1.16076843017734,7.69541144940491,-4.8315165563374,NA
"781",31.2824393990459,4.6431850152665,7.32824416822368,0.0668716271553407
"782",23.2617408129749,3.09333864899959,4.58889079251857,NA
"783",29.3150555390214,6.89421932151057,6.02940874336166,0.132787417853251
"784",9.44755501012123,4.09252417497346,4.69149857293602,NA
"785",2.06135233778104,2.25285025174348,0.778638319536627,NA
"786",13.4204378374719,1.49088488676325,2.00677083452926,1.52339354904758
"787",21.8588731081249,-1.06962988390902,4.65197248790548,NA
"788",15.8149442164096,4.83724578889263,2.69836462835619,0.287512849645453
"789",20.7123581734747,5.65814432958248,1.82847303564372,0.793806761381959
"790",14.0455241064225,NA,2.65441159731785,NA
"791",-10.8875879395602,8.76156572705678,-6.14151076058453,NA
"792",22.1761329129602,6.78913588523529,6.56100131133962,0.228815359296277
"793",24.441116071936,7.52321385276557,5.71850361398275,0.0620884143281728
"794",9.78406797046713,6.54791425301919,0.867395381679213,0.724736998982833
"795",-26.2699131449726,5.01411839834015,-3.99371636810403,0.991169882896257
"796",2.83607423893013,NA,2.92412682987085,0.0183295185724321
"797",-5.13182969675759,6.47744038139198,NA,NA
"798",14.1228494300296,11.4872623352176,-0.013647043640689,0.726970449416411
"799",20.3175632414877,NA,NA,0.0642864537346298
"800",-0.612125414317334,-1.86875385760829,-1.15522996165243,0.148134381743148
"801",3.3290028882263,NA,0.623091298371452,0.233119987184182
"802",22.8792953873643,3.76067163171088,7.68227137983227,0.534512233899391
"803",9.79814255295749,0.0942264527944987,0.125182059569822,2.38824770773265
"804",-7.48201633652375,-0.235233570509679,-1.9165791361861,NA
"805",-6.0519721430715,2.00936808329806,0.141266589271248,NA
"806",-7.10586373011773,1.64758625162695,-4.07499371143031,0.0141507962030261
"807",25.2902950016805,4.65814443021067,0.601918252924957,0.219025976955891
"808",20.7624786614102,NA,3.87433901476526,0.847022807079317
"809",17.3767525337786,8.05364538255306,4.22701848250943,0.15102338581346
"810",-19.6703988730574,4.7920774908142,-3.31708345826308,0.349413200117742
"811",-0.347946823785267,9.46726852743448,NA,NA
"812",-17.7646767341996,4.95149887109299,-1.91184288862016,0.295744531787932
"813",2.23441405648345,-1.5686802060989,1.99844379938244,0.0318904258310795
"814",14.1229381087962,4.27178975486344,4.3831301318334,0.198990600183606
"815",7.15481186923494,6.38915133048083,0.29811149566163,0.209678045939654
"816",10.3226297625108,NA,4.51274065340709,0.125253321602941
"817",6.18085627366498,NA,NA,0.0938400605557619
"818",24.5161126909527,NA,NA,1.60868021464887
"819",8.35453972740046,8.4722603186497,0.39095965734117,NA
"820",-1.05056360085387,NA,2.94097696475401,NA
"821",-5.53095834537175,1.2087933420881,-2.49525838951213,1.27613847975837
"822",7.82093484880501,6.24125313523867,5.42925284227113,0.808959077070368
"823",38.7003254635396,5.36964058987626,8.17168782041107,NA
"824",20.694781805147,4.34362127521696,3.54514837156631,0.809055262203229
"825",-2.23215148579221,NA,NA,0.387657378570543
"826",18.6568718404324,7.31067562751487,3.33590539244678,0.776317458557797
"827",10.4358490913539,6.20961701063763,NA,NA
"828",-0.409451973786181,5.39692947929472,0.507295678341247,0.10457631573081
"829",8.87748461102113,9.70602367161787,0.562057903592356,0.369759780644002
"830",10.7619327137687,6.59713205995898,NA,NA
"831",9.73072940313303,NA,NA,0.146706698229536
"832",19.6636323066893,4.71806477639346,NA,NA
"833",-12.1646854914472,NA,-8.91083546326883,2.09386954770694
"834",25.9332070357203,4.91078245161278,2.28517780593635,NA
"835",9.15046516645238,-0.93049051192923,1.54915740918908,0.214348210021853
"836",16.8122487897886,9.45173356121889,NA,0.274027538718656
"837",-5.09595628208761,4.90916491556523,-2.70689080621229,0.236841534730047
"838",0.558028029886344,6.88582954404305,NA,0.201405555242673
"839",6.90616969404332,6.08521955447874,NA,0.344840555917472
"840",-31.0227636886291,5.3173490066207,-9.20254728483605,0.000778654307103174
"841",10.127323759434,NA,-1.78369121550619,NA
"842",-3.69395772882265,6.64290791339283,-1.56146979521881,NA
"843",8.52664004224181,7.53306523633341,-0.531853046904913,1.01488390467585
"844",-11.6710410446474,3.30262497004553,-8.66855021371371,NA
"845",-10.4669734119218,5.91051585179384,-4.18747383587116,0.46102940335632
"846",-23.1229978603151,8.20031522909056,-7.02688576859246,0.0338698199484497
"847",-0.584328978766543,4.37658344629798,-1.82560860501345,0.339713996974751
"848",0.434075834758714,6.74116639892065,NA,0.391329467275596
"849",4.0736804868364,NA,0.834412520721279,0.659036693607873
"850",15.5935295834489,3.87124906285228,NA,0.905386761720193
"851",16.6375529315186,10.4548585488164,3.75648439710228,0.0581498071551323
"852",11.1540683693605,10.6552863037715,3.95510509556165,0.572946224806315
"853",17.5749240961125,NA,4.41696580050804,0.28839957434684
"854",10.0005588968537,3.35391761019617,NA,NA
"855",-22.437897322422,NA,NA,0.144152866443619
"856",-5.10299581858864,9.040515687544,-1.79818740539607,0.0845746246632189
"857",28.1159679448997,8.73051878573379,8.31769258144554,0.0122009944170713
"858",0.341357870055852,5.56152466112286,-5.32000545090427,0.259043064434081
"859",13.9060331489549,4.88223390392134,4.50819533888411,0.223287323489785
"860",24.0098050667732,NA,NA,0.168490512662652
"861",-12.4341026503239,2.80470501138096,-10.4400368140267,NA
"862",4.45027156732862,6.29816566242563,1.67423054787864,NA
"863",-28.093307830961,-5.57271241258406,-6.99074421801393,0.316109881037846
"864",-0.989646320554965,2.04296166216729,0.999979941847808,0.112175540067255
"865",13.7426815656549,NA,4.43868006212737,NA
"866",9.13331079890797,5.73972730327301,1.59311515316912,0.39521355179832
"867",-0.94445733942359,9.06444201189871,-0.0278760371502973,0.619158477035767
"868",11.3873667808008,6.69270424222159,-0.412830357650287,0.316703919321299
"869",2.27668894528536,NA,1.44117155417747,0.116717904107645
"870",-12.0355120062976,-1.14642018935522,-3.06251100398163,NA
"871",10.9721365136532,3.58412486619156,4.07263349116749,0.91367712426455
"872",36.8729357005731,1.93759479744228,9.68487210755576,1.03499119445206
"873",-4.39143988538443,NA,-0.201983487409824,1.02587490990282
"874",17.5281234403244,7.93115231455119,3.00263899766462,0.756163569125247
"875",-12.5561335703857,4.63320360541227,-3.54136844278642,1.36505319637464
"876",10.7240929668925,3.71728580407033,NA,0.232713759178296
"877",25.6879446519196,NA,3.45214610533392,0.390920195241875
"878",15.128699439959,4.75305406153872,NA,0.852001278619182
"879",-33.157882047126,5.59253168183299,-8.23103936089647,0.96993075306983
"880",15.5768259157248,4.45225015088871,4.27499535148345,NA
"881",-5.5570067474587,2.56799139532963,0.780572034538798,0.319362988928333
"882",-11.7959609632802,1.71980855627966,-7.98149428347346,1.06812715244697
"883",4.60953697256635,6.579448444064,-1.88309465649408,0.340796269476414
"884",-1.95725123301785,3.26099950578681,-2.94985979116161,0.805151940702296
"885",26.3552827972063,5.61671695449535,4.39205674187916,0.0995248146355152
"886",13.7079564224612,8.41528995105893,0.661635995344593,1.3993987738246
"887",31.7124628179058,9.12946096346476,5.88981686979276,NA
"888",15.3312512778261,NA,1.76389724168523,1.06725993094252
"889",10.2119393806217,2.92256806913202,NA,NA
"890",11.5109963370802,1.16238970802751,3.82174753047804,0.652326855321831
"891",2.7519348185559,6.25893348049562,-3.97235080734278,0.241293058963493
"892",4.50884509009545,7.34365341277234,NA,0.372591116065077
"893",7.20756328568788,6.2591918656398,3.43435555287327,NA
"894",8.6125102729952,7.75719208513105,NA,0.0986773760523647
"895",14.9757144372981,1.53812426253254,1.85146965564027,3.55560979646991
"896",-6.97987271278898,4.50409661694118,NA,0.222129643450419
"897",18.3163290389475,0.109265854690651,8.06035878588008,0.348280647748566
"898",3.50272327184117,-2.07479470303669,1.60825129238797,0.460843298563218
"899",8.22504307771304,7.22028022149239,3.34175066032298,NA
"900",40.3680435488235,8.87624719879773,12.5545720694169,0.126773789351832
"901",17.7253344024535,1.69765113964052,3.47350618170885,0.0147646589598893
"902",2.3373787593975,6.78599659814822,-3.52684783067381,0.216010047355667
"903",11.5472762906292,7.8072535168605,NA,0.0176490453167778
"904",14.8379146367812,3.32442882272363,2.05944328725707,0.0162599161464052
"905",29.0268791666558,5.34978318847106,5.37842012720223,0.0541251090947423
"906",-10.1322664383355,6.26023240726284,-1.8527550887725,NA
"907",8.83389473933016,4.32141510921912,NA,0.168791428906843
"908",8.20086212543803,5.63789441815827,-0.199861851512219,1.30036807519602
"909",-0.705366647615493,4.74821771317258,1.73116386078988,1.27345348634895
"910",-5.93115931575265,9.65860347409841,-0.518245552465264,NA
"911",-13.3100938569956,10.215928641686,NA,NA
"912",-6.70882368635638,6.30338848006351,2.4972822824956,0.606554892824447
"913",12.4122647465424,2.99061659335926,1.69428447047788,NA
"914",-6.48411235745719,2.94887655482161,1.49844334560685,NA
"915",4.42867801842535,-1.97606089435397,4.53668058386328,0.0719916308298707
"916",2.65920749313847,6.20116522848568,NA,1.32572264497386
"917",10.5511718804949,NA,NA,0.340518078068271
"918",1.03518838997019,2.62249775573085,NA,NA
"919",-13.1387056184278,NA,-4.54811414384224,0.0486358543857932
"920",-4.01112148654759,7.20388515831844,-1.69581244784477,0.143798336852342
"921",23.5178272301497,4.15530241794013,NA,0.39419814939119
"922",18.803508325283,5.89029757447034,5.64684182795124,0.105400764616206
"923",7.94467914858059,NA,-0.0138259402451404,0.686254458015269
"924",4.91147597282262,1.73653879716908,NA,NA
"925",-3.34798593722759,NA,-4.66124434178441,0.159435020992532
"926",-4.11244880954229,-0.16601792573743,NA,NA
"927",-19.2167295592875,7.18191067371123,NA,0.162508087931201
"928",-23.0630770849916,NA,-2.6170298302264,NA
"929",-11.0979867196819,5.79188360294118,0.362209604468692,0.410402476404974
"930",-4.37917632459871,7.68035205283012,-2.51020932027898,0.0471287334803492
"931",2.55158263029364,1.54603879854124,-1.63611085068213,0.0857100230806944
"932",10.4059490940125,2.70229392656867,1.98097654630499,0.299213617108762
"933",5.43477493289373,8.69270682806018,-0.0732364376123376,NA
"934",-1.20598018553421,4.73090223358557,-0.700630977996025,0.26964085875079
"935",15.3526390321549,-2.59240649707542,5.51503957063589,1.30875078167277
"936",-10.2488483562781,1.79798109331785,-2.89997198714974,0.112083442509174
"937",-2.19206869505624,4.86013212780787,0.321821031738035,0.583678781965232
"938",19.442130547513,8.85113440970308,NA,NA
"939",20.3134256782762,2.6597387610517,-0.869083091010551,NA
"940",-10.3321461284678,NA,-6.05751341280833,NA
"941",-5.28773399650434,4.04557195490589,-0.098018798098179,0.360863657181567
"942",6.787911086101,NA,NA,0.0373341410107929
"943",11.3024404956807,7.42008550137585,0.0541435173742395,NA
"944",-18.6064401184348,0.382533477616448,-6.4971815131587,0.573824647793031
"945",10.9739726174019,2.74835365955824,-0.478874017128545,0.4067579828924
"946",32.5567315578979,2.9926439105324,6.95165729053878,0.0766947217875352
"947",1.17258777052374,5.71148363130273,5.94383079526086,0.233278151834384
"948",9.4075378373808,NA,NA,0.552196801664334
"949",24.0758452029623,12.4693893716956,5.00376008034458,1.15769802386647
"950",15.9295049923372,5.83953810766652,4.74274707708145,NA
"951",8.93814443918536,-0.742963748533591,3.82259338469592,0.490002061919159
"952",12.8495127752518,5.39889879554329,1.80510835906294,NA
"953",10.0282449499467,2.60739637461714,-0.733495526502059,0.874306934843672
"954",-16.5477881153128,6.89828465088679,-6.51534091912768,0.585705332437015
"955",36.8531280906122,6.27359380439866,6.75696776667992,NA
"956",-0.593627189286594,NA,NA,0.341258972417563
"957",19.340722026043,4.36026553952894,2.2974624732829,0.465022716184563
"958",-11.7477179429678,-0.812360273037792,-3.77114593825733,1.48068940631094
"959",-11.2724207255718,NA,-4.19594331639322,0.289024865021929
"960",-26.7225174410579,NA,-9.09780126888639,0.566215470877892
"961",10.3698903628504,-1.38394900104925,2.8703235786095,0.175409524468705
"962",5.13616703651761,1.31028503504503,0.577477667378518,0.383774253850982
"963",1.97120176749891,11.7677407826813,NA,0.00331860529944145
"964",-0.100680082313081,NA,3.10128695069942,0.681158228290683
"965",2.65802023996504,3.91802257600165,5.18679482772467,0.168987253795578
"966",2.54284528903064,6.59016812917173,0.313977460074289,0.286365296775669
"967",-5.49485334514235,4.6679328876571,0.890938092605479,0.616939203327006
"968",17.1872321142258,5.84122247511176,4.94536050071398,0.308591466862708
"969",-15.6695724240821,4.27025100270938,NA,NA
"970",13.4792135894911,7.56738495393962,2.65490804643219,0.291709014214575
"971",27.0981252249699,1.01182588720502,5.16099532786891,0.26249609538354
"972",49.9497841439831,4.58648913814591,13.3007817479279,NA
"973",-4.93310585581813,9.09595998880598,0.502934883602671,0.0788461421616375
"974",-3.46074328731276,1.56281067199646,1.93336826509029,NA
"975",18.3915744660117,5.04194810653462,4.97740991538028,2.14369324768398
"976",-4.32128927073179,NA,-4.09044868684706,0.621042054125524
"977",6.46026843153806,3.53370364778129,-1.36573882354544,0.870469041126681
"978",-11.2439123573883,NA,-2.99577219800023,NA
"979",9.52789103147805,NA,3.1440791538562,0.0402719788253307
"980",-0.824726334362488,NA,-3.42490696509322,0.121176494890464
"981",15.692646672894,7.36922658153182,3.48755565948445,1.35726733592557
"982",-1.43652539959423,1.01665273395276,-1.28998381407765,0.0479190908372402
"983",15.7765917883801,0.916255282672751,5.55265362281252,0.0663111407775432
"984",18.8031831139356,2.58144609723121,5.14068830741022,NA
"985",15.8209785905516,8.44354735329267,-2.1846653631789,0.244498854270205
"986",7.34443349194539,8.13060200076955,-0.0953572567747991,0.183834910392761
"987",3.3252760168465,3.25094223275732,NA,1.1175941703211
"988",-12.4589288389264,5.10530635721558,NA,0.146569414995611
"989",21.6548773787625,NA,4.05140303055831,0.784800846087647
"990",12.1875345558405,7.6430745042654,-1.8410300844262,NA
"991",24.5525053724274,2.16810838137028,NA,0.132619044277817
"992",26.6269174391768,5.54877922411006,4.36089437725963,0.0305837863856606
"993",-4.92322930197591,NA,0.868366305751779,NA
"994",5.11864579447022,5.22205378539924,NA,1.50798141702172
"995",23.1145422708906,7.05702034670812,1.35674460616103,NA
"996",-10.4122866323868,-0.809287281432294,1.53482908332189,0.131501774303615
"997",5.25573700202034,NA,NA,0.0183226222299739
"998",-0.419679546510643,5.36428094765784,NA,NA
"999",-0.664406433313939,6.00891956039365,-1.5962512169777,1.12720494797876
"1000",9.99626775375783,6.37337493638059,2.75002485348013,NA
